{"Structure": ["BOHWIG_DDEC", "ORIVOC_DDEC", "ORIVUI_DDEC", "DOYBEA_DDEC", "FIQCEN_DDEC", "HAFTOZ_DDEC", "RUBTAK_DDEC", "ORIWET_DDEC", "LASYOU_DDEC", "OLEYAH_DDEC", "SENSAI_DDEC", "YUGLES_DDEC", "XUPSAE_DDEC", "VELVOY_DDEC", "WOQVAB_DDEC", "zeo_DDEC", "COKNIB_DDEC", "EXEQII_DDEC", "NAVJAW_DDEC", "UTEWOG_DDEC", "ALPMOF_DDEC", "FIFFUX_DDEC", "SAHYIK_DDEC", "BABRII_DDEC", "FUNBOG_DDEC", "XITYOP_DDEC", "RUVKAV_DDEC", "FARBIL_DDEC", "VOGTIV_DDEC", "PITYUN_DDEC", "MEHMET_DDEC", "deepo0", "deepo1", "deepo2", "deepo3", "deepo4", "deepo5", "deepo6", "deepo7", "deepo8", "deepo9", "deepo10", "deepo11", "deepo12"], "Henry": [4.73087e-05, 2.92514e-05, 2.15696e-05, 0.000312573, 5.12365e-05, 1.05825e-05, 7.12351e-05, 3.24852e-05, 3.59556e-05, 3.67945e-05, 1.43306e-05, 2.03541e-05, 0.000475234, 1.52971e-05, 1.43186e-05, 0.00113027, 1.83175e-05, 5.94319e-05, 2.1949e-05, 1.25208e-05, 0.00011228, 2.30149e-05, 7.5906e-06, 2.9386e-05, 3.75986e-05, 4.98591e-05, 1.82555e-05, 8.49492e-05, 0.000111055, 2.84293e-06, 1.35737e-05, 0.000598602, 0.000438711, 0.000230128, 0.000668224, 0.000286972, 0.000200552, 0.000724492, 0.000304156, 0.000254092, 0.000488678, 0.000496369, 0.000905589, 0.000627701], "Capacity": [0.7240317444695702, 0.5140955551115614, 0.39200330643631703, 2.828275315305415, 0.5546215573894463, 0.18067011525590365, 0.8793249287141712, 0.5822233077469378, 0.652213642425432, 0.6100172849412664, 0.24265660971719435, 0.3056093289826368, 6.586610676540226, 0.2528278252409275, 0.25125989533339504, 3.982566882517121, 0.3241857179194845, 1.1016658473397885, 0.392127479403997, 0.21496377324112842, 1.1697719248758347, 0.37418836787949106, 0.12583103662483786, 0.2911159704145463, 0.500913312476123, 0.7609258379692186, 0.2782418685405275, 1.2882974767914848, 1.8621422101015614, 0.04550792781758228, 0.21514837315166985, 2.397309354736883, 2.2532460528595037, 1.8757372547657394, 2.7697585357312713, 1.1101284073170725, 1.7971486475976475, 1.9342551022410392, 1.3707276428889716, 1.0272177776906657, 1.3131535541917352, 2.138631378910522, 1.3214729534085048, 2.3390268128329637], "Selectivity": [16.970270862602238, 13.58877917717528, 11.707015650051735, 30.4179321623427, 13.113345948350087, 4.975353618031288, 21.36820116085111, 16.999209287879374, 10.816877042319057, 15.51048163995318, 6.638931233893675, 6.896640441593133, 62.71810265102074, 6.924122138542109, 7.8389496296950565, 71.59423682710808, 11.089140039668308, 17.4643295511783, 11.64115479671705, 7.450932256108607, 28.208614016297417, 7.38355593117478, 4.082639889724408, 22.89400285125694, 12.277300687510385, 11.177099119574535, 6.219597117179061, 18.679104569577916, 33.801199362338664, 5.24370992572043, 4.696432808662018, 98.39209334432859, 69.15855065431238, 115.84111205439565, 125.41300517512028, 43.621627578098845, 93.3950995154582, 56.30594237343335, 71.70362602447501, 42.23514680394878, 63.0951857670966, 65.66343452470453, 54.39050217630391, 69.7222581631822]}