{"Structure": ["BOHWIG_DDEC", "ORIVOC_DDEC", "ORIVUI_DDEC", "DOYBEA_DDEC", "FIQCEN_DDEC", "HAFTOZ_DDEC", "RUBTAK_DDEC", "ORIWET_DDEC", "LASYOU_DDEC", "OLEYAH_DDEC", "SENSAI_DDEC", "YUGLES_DDEC", "XUPSAE_DDEC", "VELVOY_DDEC", "WOQVAB_DDEC", "zeo_DDEC", "COKNIB_DDEC", "EXEQII_DDEC", "NAVJAW_DDEC", "UTEWOG_DDEC", "ALPMOF_DDEC", "FIFFUX_DDEC", "SAHYIK_DDEC", "BABRII_DDEC", "FUNBOG_DDEC", "XITYOP_DDEC", "RUVKAV_DDEC", "FARBIL_DDEC", "VOGTIV_DDEC", "PITYUN_DDEC", "MEHMET_DDEC", "deepo0", "deepo1", "deepo2", "deepo3", "deepo4", "deepo5", "deepo6", "deepo7", "deepo8", "deepo9", "deepo10", "deepo11", "deepo12"], "Henry": [4.73087e-05, 2.92514e-05, 2.15696e-05, 0.000312573, 5.12365e-05, 1.05825e-05, 7.12351e-05, 3.24852e-05, 3.59556e-05, 3.67945e-05, 1.43306e-05, 2.03541e-05, 0.000475234, 1.52971e-05, 1.43186e-05, 0.00113027, 1.83175e-05, 5.94319e-05, 2.1949e-05, 1.25208e-05, 0.00011228, 2.30149e-05, 7.5906e-06, 2.9386e-05, 3.75986e-05, 4.98591e-05, 1.82555e-05, 8.49492e-05, 0.000111055, 2.84293e-06, 1.35737e-05, 0.000598602, 0.000438711, 0.000230128, 0.000668224, 0.000286972, 0.000200552, 0.000724492, 0.000304156, 0.000254092, 0.000488678, 0.000496369, 0.000905589, 0.000627701], "Capacity": [0.035858006615906546, 0.024126580280568955, 0.01768147948523526, 0.20116199259916068, 0.03273248813155543, 0.006975027037110025, 0.049856927228687335, 0.027302045651782757, 0.0290821976898532, 0.0289883184615447, 0.009974903482514027, 0.01257136753468479, 0.4749317866130244, 0.010690998615301912, 0.010653212366918257, 0.4148919321123402, 0.01420476902560562, 0.05750177687387818, 0.017688041590424048, 0.008841680825183508, 0.08522525568408698, 0.015815756878129365, 0.004720016901639984, 0.020654523134059098, 0.027280868580504554, 0.035104428402999356, 0.011455976879483522, 0.062380862472239694, 0.09478448624041957, 0.0017980933384381752, 0.008334387978310641, 0.2388665291404426, 0.20770220099804287, 0.24885428555448558, 0.32310648639579675, 0.1510286635049502, 0.17850227051237838, 0.1299865656751965, 0.21941316101461414, 0.1384184400458294, 0.24015215002201173, 0.14354455363381616, 0.22370741568408495, 0.15994446419489883], "Selectivity": [21.596177609849164, 17.243867176663528, 14.628635176163947, 33.561852274771944, 17.85890109031438, 5.674947817644848, 25.521187488825095, 22.08615540221678, 13.102737076261388, 19.682747827938353, 7.781775179858631, 8.10862454486636, 65.34295740467448, 8.064114549823037, 9.34913017888568, 53.16739801607704, 13.5903282358668, 23.117941963679453, 14.402548427041664, 8.850003148442383, 42.65398785207459, 8.998189714973428, 4.602748605146547, 28.592177546997796, 17.367371257263994, 13.501482695793658, 7.418046006913041, 21.117442522579232, 44.62582363496574, 5.94730192158426, 5.452535062891461, 261.59593585547964, 154.01560695883944, 222.91227162340914, 400.95342080393675, 132.61238595966327, 167.71913793358, 92.1017742867762, 206.48881655795424, 127.96091690159483, 274.3454705105775, 111.64130552563618, 248.0472437512589, 111.80955347583397]}